group_id,pair_ids,files,splits,num_files,num_pairs
G001,D058,test/Berminyak-1-_jpg.rf.b95da23888cb27be3e1fdf5402a18aab.jpg;train/berminyak__-16-_jpg.rf.21aa25cf159b349c6b52e583f175247b.jpg,test;train,2,1
G002,D056,test/Image_1_jpg.rf.15bf0dc256859541631d09c2f2be7ccf.jpg;train/Kering-7-_JPG.rf.a63ab8f56c9ccdd071a2ee1e6368d8f0.jpg,test;train,2,1
G003,D034,test/Image_34_jpeg.rf.4fce7deb6a32824580d5a2fdb0deb22c.jpg;train/istockphoto-638452020-612x612_jpg.rf.6b430ec0ec3611ab427a01cba0605013.jpg,test;train,2,1
G004,D057,test/Image_45_jpg.rf.2675f98c10d5d1300502d24a45d8e8dd.jpg;train/Image_4_jpg.rf.e7bfc3c254cbfcbc4d6fb1472477c13c.jpg,test;train,2,1
G005,D054,test/Image_53_png.rf.870501844ada1750de32496f832ff11b.jpg;val/Image_37_jpg.rf.0d83eb147af2cef1b358d7086952d160.jpg,test;val,2,1
G006,D041;D059;D060;D061,test/Image_86_jpg.rf.6fe97dec00c99ae358e1eb7f69b38488.jpg;train/Image_1_jpg.rf.0d78afd877d8eb06d217faf27bdb16cd.jpg;train/oily-212-_jpg.rf.75ae360db63f2180cb4e7aa57aa93313.jpg;val/oily-170-_jpg.rf.d95573dec7af554d503dd6c2ca19d736.jpg,test;train;val,4,4
G007,D044,test/Kering-35-_jpeg.rf.efc481a843791cdc17e2d425ba5f7321.jpg;val/Image_51_png.rf.360808079a579904692b0d92baa67426.jpg,test;val,2,1
G008,D038;D040,test/dry-256-_jpg.rf.f4851271ee93f20aac22d5c45818a99c.jpg;train/Kering-5-_jpeg.rf.3639b946e23febbe7fb8c867f22f629c.jpg;val/dry-128-_jpg.rf.51b6790156b026d6203d7edbb61fc9ef.jpg,test;train;val,3,2
G009,D053,test/kering_-46-_jpg.rf.2c3ce9c48d6061e7c34fd57ce3a85ccb.jpg;train/kering_-45-_jpg.rf.3f12fc2d05b043c7a87ab9977ee70a02.jpg,test;train,2,1
G010,D035,test/oily-42-_jpg.rf.bace91686323e6736b9bb488e2344e61.jpg;train/oily-102-_jpg.rf.0e6fca723abc99e3c7ffd3fb6b50de2c.jpg,test;train,2,1
G011,D052,test/oily-skin_109_jpeg.rf.5fbacb2e337c30553bddbf7bfd602977.jpg;train/oily-192-_jpg.rf.29daec56393f11ed169ca844a096c04e.jpg,test;train,2,1
G012,D042,train/Berminyak-2-_jpeg.rf.854c758d656eacbcb3d96c002f37cd13.jpg;val/Image_26_png.rf.b9378b5225d62a6afe4096a7af6ada30.jpg,train;val,2,1
G013,D031,train/Berminyak-27-_jpeg.rf.8dde490d8f84af9ee11d900f998f5587.jpg;val/oily1_jpg.rf.f6d0f0fc190376e8781bb69064b9c9fd.jpg,train;val,2,1
G014,D036,train/Berminyak-7-_jpeg.rf.62e4fbaca060906f5612bb1a749b485c.jpg;val/Image_111_jpg.rf.ab44cbe792ba03b18a00e242413b1d67.jpg,train;val,2,1
G015,D032;D048,train/Image_1_jpg.rf.e5dc87305847861b3e53e0881c39953c.jpg;train/Image_35_jpg.rf.f58b80d3b622a6197b30b354de683eed.jpg;val/Image_62_jpg.rf.c9113dfd4b71bc1308f2c68053c2c76b.jpg,train;val,3,2
G016,D063,train/Image_2_jpg.rf.cdc349fa92d6750ed0d159695c68a9c4.jpg;val/Image_52_jpeg.rf.faa607a40989f227a1353af33ca82a92.jpg,train;val,2,1
G017,D043,train/Image_49-1-_jpg.rf.c78485c5fbc5318f2a77869f5f15d9fe.jpg;val/Image_1_jpg.rf.cee37d1fe7dcb61c958eaf262487e020.jpg,train;val,2,1
G018,D050,train/berminyak__-57-_JPG.rf.e1d682114266858eee07f92973ec4507.jpg;val/Berminyak-12-_jpeg.rf.85e2e509763694f78f80a760e6010c30.jpg,train;val,2,1
G019,D037;D046;D049,train/dry-166-_jpg.rf.fcaf7cc4e484177d39f4857d18ec30ff.jpg;train/dry-236-_jpg.rf.852c3928a5e128ed9f1c3282415b0514.jpg;train/kering-1-_jpg.rf.c5fe9140c063a64de858298b8aaa503c.jpg;val/kering-40-_jpg.rf.e4a3596f3ba5c9acc39387058b03680e.jpg,train;val,4,3
G020,D039;D045,train/kering-2-_jpg.rf.59c9cfb49785140b3c53580ce4b89e63.jpg;train/kering__-54-_jpg.rf.39abf25f8fa50400c836185907be55fd.jpg;val/dry-107-_jpg.rf.b97a1f1d2d2e7feee6db30a6a1ddbfc9.jpg,train;val,3,2
G021,D047,train/kering-43-_jpg.rf.05e0a5e0e20a1177819d3c1be00345ea.jpg;val/kering__-37-_jpg.rf.b62004716ab3f33741da25ee4a76f32b.jpg,train;val,2,1
G022,D051,train/kering_-19-_jpg.rf.5b448c276365731cc65fd03d493436bf.jpg;val/kering-25-_jpg.rf.4833d47c4c22c1231c9a96e43fbebcc8.jpg,train;val,2,1
G023,D055,train/kering_-8-_jpg.rf.a894623646444ab7accc809e7c91082f.jpg;val/kering_-9-_jpg.rf.7eb37d78e35521e97b6fbbe5a9e87b0c.jpg,train;val,2,1
G024,D033,train/oily-skin_110_jpeg.rf.7d628eb44fc612c4d3a5742fc6c0f420.jpg;val/oily-87-_jpg.rf.2f54e56d99bb6e76dea038c58ff02d88.jpg,train;val,2,1
G025,D062,train/oily7_jpg.rf.f591a7038c278475a4dd56c41d10fe85.jpg;val/kering__-64-_jpg.rf.32b4387f40e523cf62521f230f8a42e5.jpg,train;val,2,1
