filename,original_categories,current_label_status,proposed_action
01F3MMX6SD07BKJYXNPC9DHQTD_jpeg_jpg.rf.1309a63ccc920aaeb5d6b5ee17bbe82c.jpg,Blackheads,EMPTY_AFTER_FILTERING,EXCLUDE_FROM_TRAIN_IN_V2_N1
01F3MMYCDR14CJP0GTSEQTMHVN_jpeg_jpg.rf.710746101badfe650168a5bd6bb3acee.jpg,Whiteheads,EMPTY_AFTER_FILTERING,EXCLUDE_FROM_TRAIN_IN_V2_N1
01F3MMZ02QJ70C2QHKWDNJRWV6_jpeg_jpg.rf.2257140a88674a59abe1a79270a909fe.jpg,Whiteheads,EMPTY_AFTER_FILTERING,EXCLUDE_FROM_TRAIN_IN_V2_N1
286_jpg.rf.b61a8217b6e2ec0d18e486be8c06a0b4.jpg,Blackheads,EMPTY_AFTER_FILTERING,EXCLUDE_FROM_TRAIN_IN_V2_N1
287_jpg.rf.a13eba621fb6833561d238095977dbbb.jpg,Blackheads,EMPTY_AFTER_FILTERING,EXCLUDE_FROM_TRAIN_IN_V2_N1
288_jpg.rf.e34f9bd8789d4c119a977eeaa92f97a1.jpg,Blackheads,EMPTY_AFTER_FILTERING,EXCLUDE_FROM_TRAIN_IN_V2_N1
34_jpeg_jpg.rf.53256d3375f6ca00467886794f1211fb.jpg,Blackheads,EMPTY_AFTER_FILTERING,EXCLUDE_FROM_TRAIN_IN_V2_N1
44_jpg.rf.0af8d69d797ece9fedfe6023476c6422.jpg,Blackheads,EMPTY_AFTER_FILTERING,EXCLUDE_FROM_TRAIN_IN_V2_N1
45_jpg.rf.c6717a51f3c49498bd2922e1b283806d.jpg,Blackheads,EMPTY_AFTER_FILTERING,EXCLUDE_FROM_TRAIN_IN_V2_N1
a3_jpg.rf.1388e0540279c45c7117ceed88dbe3c8.jpg,Whiteheads,EMPTY_AFTER_FILTERING,EXCLUDE_FROM_TRAIN_IN_V2_N1
a7_jpg.rf.8147c62ecedff2a47d2c7c36d6faa72d.jpg,Whiteheads,EMPTY_AFTER_FILTERING,EXCLUDE_FROM_TRAIN_IN_V2_N1
dry-162-_jpg.rf.1805c5ee36108603571f2122827cac93.jpg,Blackheads,EMPTY_AFTER_FILTERING,EXCLUDE_FROM_TRAIN_IN_V2_N1
levle0_124_png.rf.ca3ad935fa64f7f48a43ede8c71227eb.jpg,Blackheads,EMPTY_AFTER_FILTERING,EXCLUDE_FROM_TRAIN_IN_V2_N1
levle0_143_png.rf.cb97b330093dd0aa886a0606e4fb46d2.jpg,Blackheads,EMPTY_AFTER_FILTERING,EXCLUDE_FROM_TRAIN_IN_V2_N1
levle0_166_png.rf.bfdb390c9162a38ab66e668a26a4c5dd.jpg,Blackheads,EMPTY_AFTER_FILTERING,EXCLUDE_FROM_TRAIN_IN_V2_N1
levle0_252_png.rf.3a1460487c14a04d0d8dd33fc5fa7117.jpg,Blackheads,EMPTY_AFTER_FILTERING,EXCLUDE_FROM_TRAIN_IN_V2_N1
levle0_255_png.rf.96514eacca25eef7d76dbf2ccd082706.jpg,Blackheads,EMPTY_AFTER_FILTERING,EXCLUDE_FROM_TRAIN_IN_V2_N1
levle0_274_png.rf.73b4b808f7e289022100b6233a4d3773.jpg,Blackheads,EMPTY_AFTER_FILTERING,EXCLUDE_FROM_TRAIN_IN_V2_N1
levle0_296_jpg.rf.8134987aa6a6d8343206078253842301.jpg,Blackheads,EMPTY_AFTER_FILTERING,EXCLUDE_FROM_TRAIN_IN_V2_N1
levle0_304_jpg.rf.fcb43e080273f656bbfcd1ec0c3a4a7d.jpg,Whiteheads,EMPTY_AFTER_FILTERING,EXCLUDE_FROM_TRAIN_IN_V2_N1
levle0_353_png.rf.8d2068d017fc957673f4650f216eb15a.jpg,Blackheads,EMPTY_AFTER_FILTERING,EXCLUDE_FROM_TRAIN_IN_V2_N1
levle0_385_png.rf.39ecfd2d528956dee4d15308561c8d7b.jpg,Blackheads;Whiteheads,EMPTY_AFTER_FILTERING,EXCLUDE_FROM_TRAIN_IN_V2_N1
levle0_513_png.rf.c8981f2f9256acb9d58af4c781739dcf.jpg,Blackheads;Whiteheads,EMPTY_AFTER_FILTERING,EXCLUDE_FROM_TRAIN_IN_V2_N1
levle0_78_png.rf.f90ccf9c04e13457ebf4694d44ca3a5e.jpg,Blackheads,EMPTY_AFTER_FILTERING,EXCLUDE_FROM_TRAIN_IN_V2_N1
levle0_97_jpg.rf.b54b7a23a05976cf7ce91f99a827b9aa.jpg,Whiteheads,EMPTY_AFTER_FILTERING,EXCLUDE_FROM_TRAIN_IN_V2_N1
levle0_9_jpg.rf.53029e4b7dc27f5578bbfed6e0d8beb9.jpg,Blackheads,EMPTY_AFTER_FILTERING,EXCLUDE_FROM_TRAIN_IN_V2_N1
levle1_108_png.rf.a86528cf71fc7525d5a211dee01afd5d.jpg,Blackheads;Whiteheads,EMPTY_AFTER_FILTERING,EXCLUDE_FROM_TRAIN_IN_V2_N1
levle1_151_jpg.rf.cb3ffb7e090af319696a983d5cd9348e.jpg,Blackheads;Whiteheads,EMPTY_AFTER_FILTERING,EXCLUDE_FROM_TRAIN_IN_V2_N1
levle1_164_jpg.rf.c0e67b7628cb217a36c9f6ee2c9e809c.jpg,Blackheads;Whiteheads,EMPTY_AFTER_FILTERING,EXCLUDE_FROM_TRAIN_IN_V2_N1
levle1_199_jpg.rf.99c94de947ff7c3fc0a0dd78d09c2224.jpg,Whiteheads,EMPTY_AFTER_FILTERING,EXCLUDE_FROM_TRAIN_IN_V2_N1
levle1_229_png.rf.5980b9e1bc834ce895404e137fce60f2.jpg,Blackheads,EMPTY_AFTER_FILTERING,EXCLUDE_FROM_TRAIN_IN_V2_N1
levle1_250_png.rf.c8d43a32c7c73f44955afdabcf70e630.jpg,Blackheads;Whiteheads,EMPTY_AFTER_FILTERING,EXCLUDE_FROM_TRAIN_IN_V2_N1
levle1_279_png.rf.c80c812276718789ad9a3e599fa7ef27.jpg,Blackheads,EMPTY_AFTER_FILTERING,EXCLUDE_FROM_TRAIN_IN_V2_N1
levle1_381_png.rf.925a710d3317c3fd67e0d8895c54896d.jpg,Blackheads;Whiteheads,EMPTY_AFTER_FILTERING,EXCLUDE_FROM_TRAIN_IN_V2_N1
levle1_414_jpg.rf.3632bf3368c7e2956064bbd75f38cc9c.jpg,Blackheads,EMPTY_AFTER_FILTERING,EXCLUDE_FROM_TRAIN_IN_V2_N1
levle1_433_png.rf.82e5936052b52f32ad8fe0cbb0b0c9d5.jpg,Blackheads;Whiteheads,EMPTY_AFTER_FILTERING,EXCLUDE_FROM_TRAIN_IN_V2_N1
levle1_46_png.rf.6e9aaaf4b4f9d7d9f5ac9913031217d9.jpg,Blackheads,EMPTY_AFTER_FILTERING,EXCLUDE_FROM_TRAIN_IN_V2_N1
levle1_512_jpg.rf.feefb01d34326ff60b13f17bd517aeed.jpg,Blackheads;Whiteheads,EMPTY_AFTER_FILTERING,EXCLUDE_FROM_TRAIN_IN_V2_N1
levle1_544_png.rf.8c69ec3aa3e7d2775471a522695c197d.jpg,Blackheads;Whiteheads,EMPTY_AFTER_FILTERING,EXCLUDE_FROM_TRAIN_IN_V2_N1
levle1_564_png.rf.dbcb9822d1e30a012d3163d2edf8b895.jpg,Blackheads,EMPTY_AFTER_FILTERING,EXCLUDE_FROM_TRAIN_IN_V2_N1
levle1_593_png.rf.f9937dae39e24c1a11fa4c3de3bf1bdf.jpg,Blackheads;Whiteheads,EMPTY_AFTER_FILTERING,EXCLUDE_FROM_TRAIN_IN_V2_N1
levle1_604_png.rf.a9243162d21532cd27e0835237e5b104.jpg,Blackheads,EMPTY_AFTER_FILTERING,EXCLUDE_FROM_TRAIN_IN_V2_N1
levle2_161_jpg.rf.889902c67c0192f0059aa705d5c0f1af.jpg,Whiteheads,EMPTY_AFTER_FILTERING,EXCLUDE_FROM_TRAIN_IN_V2_N1
levle2_46_png.rf.f756b26338b49a4d35415071c4ad20f2.jpg,Blackheads,EMPTY_AFTER_FILTERING,EXCLUDE_FROM_TRAIN_IN_V2_N1
levle2_56_png.rf.d919231ac2e940b999585f9ed55d07f9.jpg,Blackheads,EMPTY_AFTER_FILTERING,EXCLUDE_FROM_TRAIN_IN_V2_N1
levle2_85_png.rf.dd0f45ce29b4a2d6aec43002151e3e0e.jpg,Blackheads,EMPTY_AFTER_FILTERING,EXCLUDE_FROM_TRAIN_IN_V2_N1
