group_id,pair_ids,num_files,files,splits,train_files,val_files,test_files,has_train,has_val,has_test,contains_annotation_difference,contains_annotation_conflict,proposed_cleanup_status
G001,D001;D002,3,test/dry9_jpg.rf.85e6429ada5b7e750570c43b50d81e5e.jpg;train/9adc08c5984e083261d3a71542295d26_jpg.rf.ced517fbb7f0a969c25de857268b7029.jpg;train/Kering-10-_JPG.rf.bb2b3def801fd80c17ff198efade218f.jpg,train;test,9adc08c5984e083261d3a71542295d26_jpg.rf.ced517fbb7f0a969c25de857268b7029.jpg;Kering-10-_JPG.rf.bb2b3def801fd80c17ff198efade218f.jpg,,dry9_jpg.rf.85e6429ada5b7e750570c43b50d81e5e.jpg,True,False,True,False,False,PROPOSE_TRAIN_EXCLUSION_ONLY
G002,D003,2,train/Kering-11-_JPG.rf.1c99d18caba0ce0d71fee121a1aad278.jpg;val/1979d8a0484daed8c4e98ee0581f447f_jpg.rf.0ebe8a9fcd33347cb2b81306ff130c9e.jpg,train;val,Kering-11-_JPG.rf.1c99d18caba0ce0d71fee121a1aad278.jpg,1979d8a0484daed8c4e98ee0581f447f_jpg.rf.0ebe8a9fcd33347cb2b81306ff130c9e.jpg,,True,True,False,False,False,PROPOSE_TRAIN_EXCLUSION_ONLY
G003,D004;D010;D011,3,test/Image_2_jpg.rf.bd4bea9a0b8020ffd4b78859af319fed.jpg;train/Image_34_jpg.rf.3fb6264a2e392de88bdbbd9f07010912.jpg;val/Image_49_jpg.rf.3beb0f8ba489b72c88143584eb0a6321.jpg,train;val;test,Image_34_jpg.rf.3fb6264a2e392de88bdbbd9f07010912.jpg,Image_49_jpg.rf.3beb0f8ba489b72c88143584eb0a6321.jpg,Image_2_jpg.rf.bd4bea9a0b8020ffd4b78859af319fed.jpg,True,True,True,True,True,HOLD_VAL_TEST_REVIEW
G004,D005,2,train/Image_99_jpg.rf.4dd9c7084989fc627c33b091dd87bdf8.jpg;val/Image_4_jpg.rf.c4ed0f85f87d6fe52f1514bdf10650f8.jpg,train;val,Image_99_jpg.rf.4dd9c7084989fc627c33b091dd87bdf8.jpg,Image_4_jpg.rf.c4ed0f85f87d6fe52f1514bdf10650f8.jpg,,True,True,False,True,False,PROPOSE_TRAIN_EXCLUSION_ONLY
G005,D006,2,test/Image_10_jpg.rf.ad1378747ef024bbb55d8303d993608a.jpg;val/Image_127_jpg.rf.6bfe520f8ede1ae8b40b8dcd67e0d1a5.jpg,val;test,,Image_127_jpg.rf.6bfe520f8ede1ae8b40b8dcd67e0d1a5.jpg,Image_10_jpg.rf.ad1378747ef024bbb55d8303d993608a.jpg,False,True,True,True,False,HOLD_VAL_TEST_REVIEW
G006,D007,2,test/Image_67_jpg.rf.5dff7627070050bc8eddac9aa0addfbe.jpg;train/Image_34_jpg.rf.f6a66c7dd85109c86a419b1bb48e0d53.jpg,train;test,Image_34_jpg.rf.f6a66c7dd85109c86a419b1bb48e0d53.jpg,,Image_67_jpg.rf.5dff7627070050bc8eddac9aa0addfbe.jpg,True,False,True,True,False,PROPOSE_TRAIN_EXCLUSION_ONLY
G007,D008,2,train/acne-10-_jpeg.rf.0e312c4a85171e98572b6bde12402b71.jpg;val/acne-12-_jpeg.rf.ecbcd6d7e8a3acd36a3f17426479f5c7.jpg,train;val,acne-10-_jpeg.rf.0e312c4a85171e98572b6bde12402b71.jpg,acne-12-_jpeg.rf.ecbcd6d7e8a3acd36a3f17426479f5c7.jpg,,True,True,False,False,True,PROPOSE_TRAIN_EXCLUSION_ONLY
G008,D009;D022,3,train/oily-156-_jpg.rf.49ec189284dbf697bef3f0f0647e96d6.jpg;train/oily-251-_jpg.rf.e88387255b092b31336aff809c82b622.jpg;val/oily27_jpg.rf.dbc004fddec7aaa8870496a389bcb3ed.jpg,train;val,oily-156-_jpg.rf.49ec189284dbf697bef3f0f0647e96d6.jpg;oily-251-_jpg.rf.e88387255b092b31336aff809c82b622.jpg,oily27_jpg.rf.dbc004fddec7aaa8870496a389bcb3ed.jpg,,True,True,False,False,True,PROPOSE_TRAIN_EXCLUSION_ONLY
G009,D012;D017;D037;D046;D049,6,train/dry-166-_jpg.rf.fcaf7cc4e484177d39f4857d18ec30ff.jpg;train/dry-236-_jpg.rf.852c3928a5e128ed9f1c3282415b0514.jpg;train/dry18_jpg.rf.a5e4ad1b491a60ad22bdcc3d13758e30.jpg;train/kering-1-_jpg.rf.c5fe9140c063a64de858298b8aaa503c.jpg;train/kering__-19-_JPG.rf.49ac03a6547c0e92f3c8207116e3b9d0.jpg;val/kering-40-_jpg.rf.e4a3596f3ba5c9acc39387058b03680e.jpg,train;val,dry-166-_jpg.rf.fcaf7cc4e484177d39f4857d18ec30ff.jpg;dry-236-_jpg.rf.852c3928a5e128ed9f1c3282415b0514.jpg;dry18_jpg.rf.a5e4ad1b491a60ad22bdcc3d13758e30.jpg;kering-1-_jpg.rf.c5fe9140c063a64de858298b8aaa503c.jpg;kering__-19-_JPG.rf.49ac03a6547c0e92f3c8207116e3b9d0.jpg,kering-40-_jpg.rf.e4a3596f3ba5c9acc39387058b03680e.jpg,,True,True,False,False,False,PROPOSE_TRAIN_EXCLUSION_ONLY
G010,D013;D016,3,train/Kering-16-_JPG.rf.9d2d6bd76492b85b47256c8940fce38a.jpg;train/dry16_jpg.rf.7b7025391d65d0421523057840945ff6.jpg;val/Kering-41-_jpg.rf.f3f3353f42ce5c4f2d2e35b9441a118b.jpg,train;val,Kering-16-_JPG.rf.9d2d6bd76492b85b47256c8940fce38a.jpg;dry16_jpg.rf.7b7025391d65d0421523057840945ff6.jpg,Kering-41-_jpg.rf.f3f3353f42ce5c4f2d2e35b9441a118b.jpg,,True,True,False,False,False,PROPOSE_TRAIN_EXCLUSION_ONLY
G011,D014,2,test/Image_106_jpg.rf.37587514eb393373a24a04787ff6360d.jpg;val/kering__-67-_jpg.rf.687a0f1bc496ee49ebfb1a5a5167ec1b.jpg,val;test,,kering__-67-_jpg.rf.687a0f1bc496ee49ebfb1a5a5167ec1b.jpg,Image_106_jpg.rf.37587514eb393373a24a04787ff6360d.jpg,False,True,True,False,True,HOLD_VAL_TEST_REVIEW
G012,D015,2,train/Image_140_jpg.rf.0ee3a9e28374eca0bc4ddfbbff7031cd.jpg;val/kering-11-_jpeg.rf.a59fb80751532585c4bdf0f75ef7f538.jpg,train;val,Image_140_jpg.rf.0ee3a9e28374eca0bc4ddfbbff7031cd.jpg,kering-11-_jpeg.rf.a59fb80751532585c4bdf0f75ef7f538.jpg,,True,True,False,False,False,PROPOSE_TRAIN_EXCLUSION_ONLY
G013,D018,2,train/Kering-7-_jpeg.rf.d49f13078b59eda2ca7fbe805784132d.jpg;val/dry2_jpg.rf.91d263b40c92c6b9cf33b8f5db66d6be.jpg,train;val,Kering-7-_jpeg.rf.d49f13078b59eda2ca7fbe805784132d.jpg,dry2_jpg.rf.91d263b40c92c6b9cf33b8f5db66d6be.jpg,,True,True,False,False,False,PROPOSE_TRAIN_EXCLUSION_ONLY
G014,D019;D026;D027;D056,5,test/Image_1_jpg.rf.15bf0dc256859541631d09c2f2be7ccf.jpg;train/Kering-3-_jpeg.rf.d177cddfc74e3c0a27e1baa4b26c053c.jpg;train/Kering-7-_JPG.rf.a63ab8f56c9ccdd071a2ee1e6368d8f0.jpg;train/kering-14-_jpg.rf.a0b76cfa799cb0ab5cdb699421374dfa.jpg;train/normal-140-_jpg.rf.a8cc93010856132ca065e267404bf5b2.jpg,train;test,Kering-3-_jpeg.rf.d177cddfc74e3c0a27e1baa4b26c053c.jpg;Kering-7-_JPG.rf.a63ab8f56c9ccdd071a2ee1e6368d8f0.jpg;kering-14-_jpg.rf.a0b76cfa799cb0ab5cdb699421374dfa.jpg;normal-140-_jpg.rf.a8cc93010856132ca065e267404bf5b2.jpg,,Image_1_jpg.rf.15bf0dc256859541631d09c2f2be7ccf.jpg,True,False,True,False,False,PROPOSE_TRAIN_EXCLUSION_ONLY
G015,D020;D041;D059;D060;D061,4,test/Image_86_jpg.rf.6fe97dec00c99ae358e1eb7f69b38488.jpg;train/Image_1_jpg.rf.0d78afd877d8eb06d217faf27bdb16cd.jpg;train/oily-212-_jpg.rf.75ae360db63f2180cb4e7aa57aa93313.jpg;val/oily-170-_jpg.rf.d95573dec7af554d503dd6c2ca19d736.jpg,train;val;test,Image_1_jpg.rf.0d78afd877d8eb06d217faf27bdb16cd.jpg;oily-212-_jpg.rf.75ae360db63f2180cb4e7aa57aa93313.jpg,oily-170-_jpg.rf.d95573dec7af554d503dd6c2ca19d736.jpg,Image_86_jpg.rf.6fe97dec00c99ae358e1eb7f69b38488.jpg,True,True,True,True,True,HOLD_VAL_TEST_REVIEW
G016,D021,2,train/Image_122_jpg.rf.1f5df8d077f6a726458e2fa5b44a37b0.jpg;val/dry26_jpg.rf.f75048c54f0f0f629b2322cc5e96f221.jpg,train;val,Image_122_jpg.rf.1f5df8d077f6a726458e2fa5b44a37b0.jpg,dry26_jpg.rf.f75048c54f0f0f629b2322cc5e96f221.jpg,,True,True,False,False,False,PROPOSE_TRAIN_EXCLUSION_ONLY
G017,D023,2,train/oily-80-_jpg.rf.49cbf9cb2d87fa1a204e55ba9414cae2.jpg;val/berminyak__-29-_jpg.rf.52674e813972acf3fc054978bb5fc56b.jpg,train;val,oily-80-_jpg.rf.49cbf9cb2d87fa1a204e55ba9414cae2.jpg,berminyak__-29-_jpg.rf.52674e813972acf3fc054978bb5fc56b.jpg,,True,True,False,False,True,PROPOSE_TRAIN_EXCLUSION_ONLY
G018,D024,2,train/acne-129-_jpg.rf.3159486324be0a28e6df9041cd404e55.jpg;val/Image_147_png.rf.7d24c3ee951f9322f149f5a7333244bc.jpg,train;val,acne-129-_jpg.rf.3159486324be0a28e6df9041cd404e55.jpg,Image_147_png.rf.7d24c3ee951f9322f149f5a7333244bc.jpg,,True,True,False,True,False,PROPOSE_TRAIN_EXCLUSION_ONLY
G019,D025,2,test/oily-112-_jpg.rf.f7a59e81093a1ea0f719d20c283f1903.jpg;train/oily-263-_jpg.rf.af32fc7f740975fbd99dcbb57ccbe761.jpg,train;test,oily-263-_jpg.rf.af32fc7f740975fbd99dcbb57ccbe761.jpg,,oily-112-_jpg.rf.f7a59e81093a1ea0f719d20c283f1903.jpg,True,False,True,False,False,PROPOSE_TRAIN_EXCLUSION_ONLY
G020,D028,2,test/Image_4_jpg.rf.3251ff2255c9d27800b7ffec3505c40e.jpg;train/Berminyak-21-_jpeg.rf.1b249902a9c4c04e7f73740df3493333.jpg,train;test,Berminyak-21-_jpeg.rf.1b249902a9c4c04e7f73740df3493333.jpg,,Image_4_jpg.rf.3251ff2255c9d27800b7ffec3505c40e.jpg,True,False,True,False,False,PROPOSE_TRAIN_EXCLUSION_ONLY
G021,D029;D038;D040,3,test/dry-256-_jpg.rf.f4851271ee93f20aac22d5c45818a99c.jpg;train/Kering-5-_jpeg.rf.3639b946e23febbe7fb8c867f22f629c.jpg;val/dry-128-_jpg.rf.51b6790156b026d6203d7edbb61fc9ef.jpg,train;val;test,Kering-5-_jpeg.rf.3639b946e23febbe7fb8c867f22f629c.jpg,dry-128-_jpg.rf.51b6790156b026d6203d7edbb61fc9ef.jpg,dry-256-_jpg.rf.f4851271ee93f20aac22d5c45818a99c.jpg,True,True,True,False,False,HOLD_VAL_TEST_REVIEW
G022,D030,2,test/Image_25_jpg.rf.d377b8a5c2811ad4c39d0714db2b5a75.jpg;train/Image_110_jpg.rf.5877b0d0e3bd0b879a5a207f77545516.jpg,train;test,Image_110_jpg.rf.5877b0d0e3bd0b879a5a207f77545516.jpg,,Image_25_jpg.rf.d377b8a5c2811ad4c39d0714db2b5a75.jpg,True,False,True,False,False,PROPOSE_TRAIN_EXCLUSION_ONLY
G023,D031,2,train/Berminyak-27-_jpeg.rf.8dde490d8f84af9ee11d900f998f5587.jpg;val/oily1_jpg.rf.f6d0f0fc190376e8781bb69064b9c9fd.jpg,train;val,Berminyak-27-_jpeg.rf.8dde490d8f84af9ee11d900f998f5587.jpg,oily1_jpg.rf.f6d0f0fc190376e8781bb69064b9c9fd.jpg,,True,True,False,False,False,PROPOSE_TRAIN_EXCLUSION_ONLY
G024,D032;D048,3,train/Image_1_jpg.rf.e5dc87305847861b3e53e0881c39953c.jpg;train/Image_35_jpg.rf.f58b80d3b622a6197b30b354de683eed.jpg;val/Image_62_jpg.rf.c9113dfd4b71bc1308f2c68053c2c76b.jpg,train;val,Image_1_jpg.rf.e5dc87305847861b3e53e0881c39953c.jpg;Image_35_jpg.rf.f58b80d3b622a6197b30b354de683eed.jpg,Image_62_jpg.rf.c9113dfd4b71bc1308f2c68053c2c76b.jpg,,True,True,False,True,False,PROPOSE_TRAIN_EXCLUSION_ONLY
G025,D033,2,train/oily-skin_110_jpeg.rf.7d628eb44fc612c4d3a5742fc6c0f420.jpg;val/oily-87-_jpg.rf.2f54e56d99bb6e76dea038c58ff02d88.jpg,train;val,oily-skin_110_jpeg.rf.7d628eb44fc612c4d3a5742fc6c0f420.jpg,oily-87-_jpg.rf.2f54e56d99bb6e76dea038c58ff02d88.jpg,,True,True,False,False,True,PROPOSE_TRAIN_EXCLUSION_ONLY
G026,D034,2,test/Image_34_jpeg.rf.4fce7deb6a32824580d5a2fdb0deb22c.jpg;train/istockphoto-638452020-612x612_jpg.rf.6b430ec0ec3611ab427a01cba0605013.jpg,train;test,istockphoto-638452020-612x612_jpg.rf.6b430ec0ec3611ab427a01cba0605013.jpg,,Image_34_jpeg.rf.4fce7deb6a32824580d5a2fdb0deb22c.jpg,True,False,True,False,False,PROPOSE_TRAIN_EXCLUSION_ONLY
G027,D035,2,test/oily-42-_jpg.rf.bace91686323e6736b9bb488e2344e61.jpg;train/oily-102-_jpg.rf.0e6fca723abc99e3c7ffd3fb6b50de2c.jpg,train;test,oily-102-_jpg.rf.0e6fca723abc99e3c7ffd3fb6b50de2c.jpg,,oily-42-_jpg.rf.bace91686323e6736b9bb488e2344e61.jpg,True,False,True,False,True,PROPOSE_TRAIN_EXCLUSION_ONLY
G028,D036,2,train/Berminyak-7-_jpeg.rf.62e4fbaca060906f5612bb1a749b485c.jpg;val/Image_111_jpg.rf.ab44cbe792ba03b18a00e242413b1d67.jpg,train;val,Berminyak-7-_jpeg.rf.62e4fbaca060906f5612bb1a749b485c.jpg,Image_111_jpg.rf.ab44cbe792ba03b18a00e242413b1d67.jpg,,True,True,False,False,False,PROPOSE_TRAIN_EXCLUSION_ONLY
G029,D039;D045,3,train/kering-2-_jpg.rf.59c9cfb49785140b3c53580ce4b89e63.jpg;train/kering__-54-_jpg.rf.39abf25f8fa50400c836185907be55fd.jpg;val/dry-107-_jpg.rf.b97a1f1d2d2e7feee6db30a6a1ddbfc9.jpg,train;val,kering-2-_jpg.rf.59c9cfb49785140b3c53580ce4b89e63.jpg;kering__-54-_jpg.rf.39abf25f8fa50400c836185907be55fd.jpg,dry-107-_jpg.rf.b97a1f1d2d2e7feee6db30a6a1ddbfc9.jpg,,True,True,False,False,False,PROPOSE_TRAIN_EXCLUSION_ONLY
G030,D042,2,train/Berminyak-2-_jpeg.rf.854c758d656eacbcb3d96c002f37cd13.jpg;val/Image_26_png.rf.b9378b5225d62a6afe4096a7af6ada30.jpg,train;val,Berminyak-2-_jpeg.rf.854c758d656eacbcb3d96c002f37cd13.jpg,Image_26_png.rf.b9378b5225d62a6afe4096a7af6ada30.jpg,,True,True,False,False,False,PROPOSE_TRAIN_EXCLUSION_ONLY
G031,D043,2,train/Image_49-1-_jpg.rf.c78485c5fbc5318f2a77869f5f15d9fe.jpg;val/Image_1_jpg.rf.cee37d1fe7dcb61c958eaf262487e020.jpg,train;val,Image_49-1-_jpg.rf.c78485c5fbc5318f2a77869f5f15d9fe.jpg,Image_1_jpg.rf.cee37d1fe7dcb61c958eaf262487e020.jpg,,True,True,False,True,False,PROPOSE_TRAIN_EXCLUSION_ONLY
G032,D044,2,test/Kering-35-_jpeg.rf.efc481a843791cdc17e2d425ba5f7321.jpg;val/Image_51_png.rf.360808079a579904692b0d92baa67426.jpg,val;test,,Image_51_png.rf.360808079a579904692b0d92baa67426.jpg,Kering-35-_jpeg.rf.efc481a843791cdc17e2d425ba5f7321.jpg,False,True,True,False,True,HOLD_VAL_TEST_REVIEW
G033,D047,2,train/kering-43-_jpg.rf.05e0a5e0e20a1177819d3c1be00345ea.jpg;val/kering__-37-_jpg.rf.b62004716ab3f33741da25ee4a76f32b.jpg,train;val,kering-43-_jpg.rf.05e0a5e0e20a1177819d3c1be00345ea.jpg,kering__-37-_jpg.rf.b62004716ab3f33741da25ee4a76f32b.jpg,,True,True,False,False,False,PROPOSE_TRAIN_EXCLUSION_ONLY
G034,D050,2,train/berminyak__-57-_JPG.rf.e1d682114266858eee07f92973ec4507.jpg;val/Berminyak-12-_jpeg.rf.85e2e509763694f78f80a760e6010c30.jpg,train;val,berminyak__-57-_JPG.rf.e1d682114266858eee07f92973ec4507.jpg,Berminyak-12-_jpeg.rf.85e2e509763694f78f80a760e6010c30.jpg,,True,True,False,False,False,PROPOSE_TRAIN_EXCLUSION_ONLY
G035,D051,2,train/kering_-19-_jpg.rf.5b448c276365731cc65fd03d493436bf.jpg;val/kering-25-_jpg.rf.4833d47c4c22c1231c9a96e43fbebcc8.jpg,train;val,kering_-19-_jpg.rf.5b448c276365731cc65fd03d493436bf.jpg,kering-25-_jpg.rf.4833d47c4c22c1231c9a96e43fbebcc8.jpg,,True,True,False,False,False,PROPOSE_TRAIN_EXCLUSION_ONLY
G036,D052,2,test/oily-skin_109_jpeg.rf.5fbacb2e337c30553bddbf7bfd602977.jpg;train/oily-192-_jpg.rf.29daec56393f11ed169ca844a096c04e.jpg,train;test,oily-192-_jpg.rf.29daec56393f11ed169ca844a096c04e.jpg,,oily-skin_109_jpeg.rf.5fbacb2e337c30553bddbf7bfd602977.jpg,True,False,True,False,True,PROPOSE_TRAIN_EXCLUSION_ONLY
G037,D053,2,test/kering_-46-_jpg.rf.2c3ce9c48d6061e7c34fd57ce3a85ccb.jpg;train/kering_-45-_jpg.rf.3f12fc2d05b043c7a87ab9977ee70a02.jpg,train;test,kering_-45-_jpg.rf.3f12fc2d05b043c7a87ab9977ee70a02.jpg,,kering_-46-_jpg.rf.2c3ce9c48d6061e7c34fd57ce3a85ccb.jpg,True,False,True,False,False,PROPOSE_TRAIN_EXCLUSION_ONLY
G038,D054,2,test/Image_53_png.rf.870501844ada1750de32496f832ff11b.jpg;val/Image_37_jpg.rf.0d83eb147af2cef1b358d7086952d160.jpg,val;test,,Image_37_jpg.rf.0d83eb147af2cef1b358d7086952d160.jpg,Image_53_png.rf.870501844ada1750de32496f832ff11b.jpg,False,True,True,True,False,HOLD_VAL_TEST_REVIEW
G039,D055,2,train/kering_-8-_jpg.rf.a894623646444ab7accc809e7c91082f.jpg;val/kering_-9-_jpg.rf.7eb37d78e35521e97b6fbbe5a9e87b0c.jpg,train;val,kering_-8-_jpg.rf.a894623646444ab7accc809e7c91082f.jpg,kering_-9-_jpg.rf.7eb37d78e35521e97b6fbbe5a9e87b0c.jpg,,True,True,False,False,False,PROPOSE_TRAIN_EXCLUSION_ONLY
G040,D057,2,test/Image_45_jpg.rf.2675f98c10d5d1300502d24a45d8e8dd.jpg;train/Image_4_jpg.rf.e7bfc3c254cbfcbc4d6fb1472477c13c.jpg,train;test,Image_4_jpg.rf.e7bfc3c254cbfcbc4d6fb1472477c13c.jpg,,Image_45_jpg.rf.2675f98c10d5d1300502d24a45d8e8dd.jpg,True,False,True,True,False,PROPOSE_TRAIN_EXCLUSION_ONLY
G041,D058,2,test/Berminyak-1-_jpg.rf.b95da23888cb27be3e1fdf5402a18aab.jpg;train/berminyak__-16-_jpg.rf.21aa25cf159b349c6b52e583f175247b.jpg,train;test,berminyak__-16-_jpg.rf.21aa25cf159b349c6b52e583f175247b.jpg,,Berminyak-1-_jpg.rf.b95da23888cb27be3e1fdf5402a18aab.jpg,True,False,True,False,False,PROPOSE_TRAIN_EXCLUSION_ONLY
G042,D062,2,train/oily7_jpg.rf.f591a7038c278475a4dd56c41d10fe85.jpg;val/kering__-64-_jpg.rf.32b4387f40e523cf62521f230f8a42e5.jpg,train;val,oily7_jpg.rf.f591a7038c278475a4dd56c41d10fe85.jpg,kering__-64-_jpg.rf.32b4387f40e523cf62521f230f8a42e5.jpg,,True,True,False,False,False,PROPOSE_TRAIN_EXCLUSION_ONLY
G043,D063,2,train/Image_2_jpg.rf.cdc349fa92d6750ed0d159695c68a9c4.jpg;val/Image_52_jpeg.rf.faa607a40989f227a1353af33ca82a92.jpg,train;val,Image_2_jpg.rf.cdc349fa92d6750ed0d159695c68a9c4.jpg,Image_52_jpeg.rf.faa607a40989f227a1353af33ca82a92.jpg,,True,True,False,True,False,PROPOSE_TRAIN_EXCLUSION_ONLY
