pair_id,file_a,split_a,file_b,split_b,dhash_distance,rmse,likely_same_source,human_decision,notes,annotation_flag
D001,9adc08c5984e083261d3a71542295d26_jpg.rf.ced517fbb7f0a969c25de857268b7029.jpg,train,dry9_jpg.rf.85e6429ada5b7e750570c43b50d81e5e.jpg,test,2,0.0010253186337649822,YES,B_VARIANT,Human-confirmed B_VARIANT; MATCH; structured comparison only; no dataset changes.,MATCH
D002,Kering-10-_JPG.rf.bb2b3def801fd80c17ff198efade218f.jpg,train,dry9_jpg.rf.85e6429ada5b7e750570c43b50d81e5e.jpg,test,0,0.0011029411107301712,YES,B_VARIANT,Human-confirmed B_VARIANT; MATCH; structured comparison only; no dataset changes.,MATCH
D003,Kering-11-_JPG.rf.1c99d18caba0ce0d71fee121a1aad278.jpg,train,1979d8a0484daed8c4e98ee0581f447f_jpg.rf.0ebe8a9fcd33347cb2b81306ff130c9e.jpg,val,0,0.0011626019841060042,YES,B_VARIANT,Human-confirmed B_VARIANT; MATCH; structured comparison only; no dataset changes.,MATCH
D004,Image_34_jpg.rf.3fb6264a2e392de88bdbbd9f07010912.jpg,train,Image_2_jpg.rf.bd4bea9a0b8020ffd4b78859af319fed.jpg,test,2,0.001162602100521326,YES,B_VARIANT,Human-confirmed B_VARIANT; ANNOTATION_CONFLICT; structured comparison only; no dataset changes.,ANNOTATION_CONFLICT
D005,Image_99_jpg.rf.4dd9c7084989fc627c33b091dd87bdf8.jpg,train,Image_4_jpg.rf.c4ed0f85f87d6fe52f1514bdf10650f8.jpg,val,0,0.001308465376496315,YES,B_VARIANT,Human-confirmed B_VARIANT; ANNOTATION_DIFFERENCE; structured comparison only; no dataset changes.,ANNOTATION_DIFFERENCE
D006,Image_127_jpg.rf.6bfe520f8ede1ae8b40b8dcd67e0d1a5.jpg,val,Image_10_jpg.rf.ad1378747ef024bbb55d8303d993608a.jpg,test,0,0.0014551890781149268,YES,B_VARIANT,Human-confirmed B_VARIANT; ANNOTATION_DIFFERENCE; structured comparison only; no dataset changes.,ANNOTATION_DIFFERENCE
D007,Image_34_jpg.rf.f6a66c7dd85109c86a419b1bb48e0d53.jpg,train,Image_67_jpg.rf.5dff7627070050bc8eddac9aa0addfbe.jpg,test,0,0.0015059075085446239,YES,B_VARIANT,Human-confirmed B_VARIANT; ANNOTATION_DIFFERENCE; structured comparison only; no dataset changes.,ANNOTATION_DIFFERENCE
D008,acne-10-_jpeg.rf.0e312c4a85171e98572b6bde12402b71.jpg,train,acne-12-_jpeg.rf.ecbcd6d7e8a3acd36a3f17426479f5c7.jpg,val,0,0.001510885776951909,YES,B_VARIANT,Human-confirmed B_VARIANT; ANNOTATION_CONFLICT; structured comparison only; no dataset changes.,ANNOTATION_CONFLICT
D009,oily-251-_jpg.rf.e88387255b092b31336aff809c82b622.jpg,train,oily27_jpg.rf.dbc004fddec7aaa8870496a389bcb3ed.jpg,val,1,0.0015741706592962146,YES,B_VARIANT,Human-confirmed B_VARIANT; ANNOTATION_CONFLICT; structured comparison only; no dataset changes.,ANNOTATION_CONFLICT
D010,Image_34_jpg.rf.3fb6264a2e392de88bdbbd9f07010912.jpg,train,Image_49_jpg.rf.3beb0f8ba489b72c88143584eb0a6321.jpg,val,1,0.0015884169843047857,YES,B_VARIANT,Human-confirmed B_VARIANT; ANNOTATION_DIFFERENCE; structured comparison only; no dataset changes.,ANNOTATION_DIFFERENCE
D011,Image_49_jpg.rf.3beb0f8ba489b72c88143584eb0a6321.jpg,val,Image_2_jpg.rf.bd4bea9a0b8020ffd4b78859af319fed.jpg,test,1,0.0016350079094991088,YES,B_VARIANT,Human-confirmed B_VARIANT; ANNOTATION_CONFLICT; structured comparison only; no dataset changes.,ANNOTATION_CONFLICT
D012,dry18_jpg.rf.a5e4ad1b491a60ad22bdcc3d13758e30.jpg,train,kering-40-_jpg.rf.e4a3596f3ba5c9acc39387058b03680e.jpg,val,0,0.001858547911979258,YES,B_VARIANT,Human-confirmed B_VARIANT; MATCH; structured comparison only; no dataset changes.,MATCH
D013,dry16_jpg.rf.7b7025391d65d0421523057840945ff6.jpg,train,Kering-41-_jpg.rf.f3f3353f42ce5c4f2d2e35b9441a118b.jpg,val,0,0.001862583914771676,YES,B_VARIANT,Human-confirmed B_VARIANT; MATCH; structured comparison only; no dataset changes.,MATCH
D014,kering__-67-_jpg.rf.687a0f1bc496ee49ebfb1a5a5167ec1b.jpg,val,Image_106_jpg.rf.37587514eb393373a24a04787ff6360d.jpg,test,1,0.001902472460642457,YES,B_VARIANT,Human-confirmed B_VARIANT; ANNOTATION_CONFLICT; structured comparison only; no dataset changes.,ANNOTATION_CONFLICT
D015,Image_140_jpg.rf.0ee3a9e28374eca0bc4ddfbbff7031cd.jpg,train,kering-11-_jpeg.rf.a59fb80751532585c4bdf0f75ef7f538.jpg,val,0,0.001910350052639842,YES,B_VARIANT,Human-confirmed B_VARIANT; MATCH; structured comparison only; no dataset changes.,MATCH
D016,Kering-16-_JPG.rf.9d2d6bd76492b85b47256c8940fce38a.jpg,train,Kering-41-_jpg.rf.f3f3353f42ce5c4f2d2e35b9441a118b.jpg,val,0,0.0019415417918935418,YES,B_VARIANT,Human-confirmed B_VARIANT; MATCH; structured comparison only; no dataset changes.,MATCH
D017,kering__-19-_JPG.rf.49ac03a6547c0e92f3c8207116e3b9d0.jpg,train,kering-40-_jpg.rf.e4a3596f3ba5c9acc39387058b03680e.jpg,val,0,0.0020024676341563463,YES,B_VARIANT,Human-confirmed B_VARIANT; MATCH; structured comparison only; no dataset changes.,MATCH
D018,Kering-7-_jpeg.rf.d49f13078b59eda2ca7fbe805784132d.jpg,train,dry2_jpg.rf.91d263b40c92c6b9cf33b8f5db66d6be.jpg,val,0,0.002046972280368209,YES,B_VARIANT,Human-confirmed B_VARIANT; MATCH; structured comparison only; no dataset changes.,MATCH
D019,kering-14-_jpg.rf.a0b76cfa799cb0ab5cdb699421374dfa.jpg,train,Image_1_jpg.rf.15bf0dc256859541631d09c2f2be7ccf.jpg,test,0,0.0021542152389883995,YES,B_VARIANT,Human-confirmed B_VARIANT; MATCH; structured comparison only; no dataset changes.,MATCH
D020,oily-212-_jpg.rf.75ae360db63f2180cb4e7aa57aa93313.jpg,train,oily-170-_jpg.rf.d95573dec7af554d503dd6c2ca19d736.jpg,val,1,0.0021956462878733873,YES,B_VARIANT,Human-confirmed B_VARIANT; ANNOTATION_CONFLICT; structured comparison only; no dataset changes.,ANNOTATION_CONFLICT
D021,Image_122_jpg.rf.1f5df8d077f6a726458e2fa5b44a37b0.jpg,train,dry26_jpg.rf.f75048c54f0f0f629b2322cc5e96f221.jpg,val,0,0.002222837880253792,YES,B_VARIANT,Human-confirmed B_VARIANT; MATCH; structured comparison only; no dataset changes.,MATCH
D022,oily-156-_jpg.rf.49ec189284dbf697bef3f0f0647e96d6.jpg,train,oily27_jpg.rf.dbc004fddec7aaa8870496a389bcb3ed.jpg,val,1,0.0022396650165319443,YES,B_VARIANT,Human-confirmed B_VARIANT; ANNOTATION_CONFLICT; structured comparison only; no dataset changes.,ANNOTATION_CONFLICT
D023,oily-80-_jpg.rf.49cbf9cb2d87fa1a204e55ba9414cae2.jpg,train,berminyak__-29-_jpg.rf.52674e813972acf3fc054978bb5fc56b.jpg,val,0,0.002259692642837763,YES,B_VARIANT,Human-confirmed B_VARIANT; ANNOTATION_CONFLICT; structured comparison only; no dataset changes.,ANNOTATION_CONFLICT
D024,acne-129-_jpg.rf.3159486324be0a28e6df9041cd404e55.jpg,train,Image_147_png.rf.7d24c3ee951f9322f149f5a7333244bc.jpg,val,0,0.0022663287818431854,YES,B_VARIANT,Human-confirmed B_VARIANT; ANNOTATION_DIFFERENCE; structured comparison only; no dataset changes.,ANNOTATION_DIFFERENCE
D025,oily-263-_jpg.rf.af32fc7f740975fbd99dcbb57ccbe761.jpg,train,oily-112-_jpg.rf.f7a59e81093a1ea0f719d20c283f1903.jpg,test,0,0.002279543550685048,YES,B_VARIANT,Human-confirmed B_VARIANT; MATCH; structured comparison only; no dataset changes.,MATCH
D026,Kering-3-_jpeg.rf.d177cddfc74e3c0a27e1baa4b26c053c.jpg,train,Image_1_jpg.rf.15bf0dc256859541631d09c2f2be7ccf.jpg,test,0,0.002295955317094922,YES,B_VARIANT,Human-confirmed B_VARIANT; MATCH; structured comparison only; no dataset changes.,MATCH
D027,normal-140-_jpg.rf.a8cc93010856132ca065e267404bf5b2.jpg,train,Image_1_jpg.rf.15bf0dc256859541631d09c2f2be7ccf.jpg,test,0,0.0023090005852282047,YES,B_VARIANT,Human-confirmed B_VARIANT; MATCH; structured comparison only; no dataset changes.,MATCH
D028,Berminyak-21-_jpeg.rf.1b249902a9c4c04e7f73740df3493333.jpg,train,Image_4_jpg.rf.3251ff2255c9d27800b7ffec3505c40e.jpg,test,0,0.0023219725117087364,YES,B_VARIANT,Human-confirmed B_VARIANT; MATCH; structured comparison only; no dataset changes.,MATCH
D029,dry-128-_jpg.rf.51b6790156b026d6203d7edbb61fc9ef.jpg,val,dry-256-_jpg.rf.f4851271ee93f20aac22d5c45818a99c.jpg,test,0,0.0024356136564165354,YES,B_VARIANT,Human-confirmed B_VARIANT; MATCH; structured comparison only; no dataset changes.,MATCH
D030,Image_110_jpg.rf.5877b0d0e3bd0b879a5a207f77545516.jpg,train,Image_25_jpg.rf.d377b8a5c2811ad4c39d0714db2b5a75.jpg,test,0,0.002469294238835573,YES,B_VARIANT,Human-confirmed B_VARIANT; MATCH; structured comparison only; no dataset changes.,MATCH
D031,Berminyak-27-_jpeg.rf.8dde490d8f84af9ee11d900f998f5587.jpg,train,oily1_jpg.rf.f6d0f0fc190376e8781bb69064b9c9fd.jpg,val,0,0.0025353138335049152,YES,B_VARIANT,Human-confirmed B_VARIANT; MATCH; structured comparison only; no dataset changes.,MATCH
D032,Image_1_jpg.rf.e5dc87305847861b3e53e0881c39953c.jpg,train,Image_62_jpg.rf.c9113dfd4b71bc1308f2c68053c2c76b.jpg,val,2,0.0026397868059575558,YES,B_VARIANT,Human-confirmed B_VARIANT; ANNOTATION_DIFFERENCE; structured comparison only; no dataset changes.,ANNOTATION_DIFFERENCE
D033,oily-skin_110_jpeg.rf.7d628eb44fc612c4d3a5742fc6c0f420.jpg,train,oily-87-_jpg.rf.2f54e56d99bb6e76dea038c58ff02d88.jpg,val,0,0.0027539466973394156,YES,B_VARIANT,Human-confirmed B_VARIANT; ANNOTATION_CONFLICT; structured comparison only; no dataset changes.,ANNOTATION_CONFLICT
D034,istockphoto-638452020-612x612_jpg.rf.6b430ec0ec3611ab427a01cba0605013.jpg,train,Image_34_jpeg.rf.4fce7deb6a32824580d5a2fdb0deb22c.jpg,test,0,0.0027702583465725183,YES,B_VARIANT,Human-confirmed B_VARIANT; MATCH; structured comparison only; no dataset changes.,MATCH
D035,oily-102-_jpg.rf.0e6fca723abc99e3c7ffd3fb6b50de2c.jpg,train,oily-42-_jpg.rf.bace91686323e6736b9bb488e2344e61.jpg,test,1,0.0029842634685337543,YES,B_VARIANT,Human-confirmed B_VARIANT; ANNOTATION_CONFLICT; structured comparison only; no dataset changes.,ANNOTATION_CONFLICT
D036,Berminyak-7-_jpeg.rf.62e4fbaca060906f5612bb1a749b485c.jpg,train,Image_111_jpg.rf.ab44cbe792ba03b18a00e242413b1d67.jpg,val,0,0.0030954242683947086,YES,B_VARIANT,Human-confirmed B_VARIANT; MATCH; structured comparison only; no dataset changes.,MATCH
D037,dry-236-_jpg.rf.852c3928a5e128ed9f1c3282415b0514.jpg,train,kering-40-_jpg.rf.e4a3596f3ba5c9acc39387058b03680e.jpg,val,1,0.0031316012609750032,YES,B_VARIANT,Human-confirmed B_VARIANT; MATCH; structured comparison only; no dataset changes.,MATCH
D038,Kering-5-_jpeg.rf.3639b946e23febbe7fb8c867f22f629c.jpg,train,dry-256-_jpg.rf.f4851271ee93f20aac22d5c45818a99c.jpg,test,2,0.003431372344493866,YES,B_VARIANT,Human-confirmed B_VARIANT; MATCH; structured comparison only; no dataset changes.,MATCH
D039,kering__-54-_jpg.rf.39abf25f8fa50400c836185907be55fd.jpg,train,dry-107-_jpg.rf.b97a1f1d2d2e7feee6db30a6a1ddbfc9.jpg,val,0,0.0038695225957781076,YES,B_VARIANT,Human-confirmed B_VARIANT; MATCH; structured comparison only; no dataset changes.,MATCH
D040,Kering-5-_jpeg.rf.3639b946e23febbe7fb8c867f22f629c.jpg,train,dry-128-_jpg.rf.51b6790156b026d6203d7edbb61fc9ef.jpg,val,2,0.004389582201838493,YES,B_VARIANT,Human-confirmed B_VARIANT; MATCH; structured comparison only; no dataset changes.,MATCH
D041,Image_1_jpg.rf.0d78afd877d8eb06d217faf27bdb16cd.jpg,train,Image_86_jpg.rf.6fe97dec00c99ae358e1eb7f69b38488.jpg,test,0,0.004717739298939705,YES,B_VARIANT,Human-confirmed B_VARIANT; ANNOTATION_DIFFERENCE; structured comparison only; no dataset changes.,ANNOTATION_DIFFERENCE
D042,Berminyak-2-_jpeg.rf.854c758d656eacbcb3d96c002f37cd13.jpg,train,Image_26_png.rf.b9378b5225d62a6afe4096a7af6ada30.jpg,val,0,0.005716619547456503,YES,B_VARIANT,Human-confirmed B_VARIANT; MATCH; structured comparison only; no dataset changes.,MATCH
D043,Image_49-1-_jpg.rf.c78485c5fbc5318f2a77869f5f15d9fe.jpg,train,Image_1_jpg.rf.cee37d1fe7dcb61c958eaf262487e020.jpg,val,0,0.007752617821097374,YES,B_VARIANT,Human-confirmed B_VARIANT; ANNOTATION_DIFFERENCE; structured comparison only; no dataset changes.,ANNOTATION_DIFFERENCE
D044,Image_51_png.rf.360808079a579904692b0d92baa67426.jpg,val,Kering-35-_jpeg.rf.efc481a843791cdc17e2d425ba5f7321.jpg,test,1,0.008058471605181694,YES,B_VARIANT,Human-confirmed B_VARIANT; ANNOTATION_CONFLICT; structured comparison only; no dataset changes.,ANNOTATION_CONFLICT
D045,kering-2-_jpg.rf.59c9cfb49785140b3c53580ce4b89e63.jpg,train,dry-107-_jpg.rf.b97a1f1d2d2e7feee6db30a6a1ddbfc9.jpg,val,1,0.010368254967033863,YES,B_VARIANT,Human-confirmed B_VARIANT; MATCH; structured comparison only; no dataset changes.,MATCH
D046,dry-166-_jpg.rf.fcaf7cc4e484177d39f4857d18ec30ff.jpg,train,kering-40-_jpg.rf.e4a3596f3ba5c9acc39387058b03680e.jpg,val,1,0.013312231749296188,YES,B_VARIANT,Human-confirmed B_VARIANT; MATCH; structured comparison only; no dataset changes.,MATCH
D047,kering-43-_jpg.rf.05e0a5e0e20a1177819d3c1be00345ea.jpg,train,kering__-37-_jpg.rf.b62004716ab3f33741da25ee4a76f32b.jpg,val,2,0.013455303385853767,YES,B_VARIANT,Human-confirmed B_VARIANT; MATCH; structured comparison only; no dataset changes.,MATCH
D048,Image_35_jpg.rf.f58b80d3b622a6197b30b354de683eed.jpg,train,Image_62_jpg.rf.c9113dfd4b71bc1308f2c68053c2c76b.jpg,val,3,0.014801567420363426,YES,B_VARIANT,Human-confirmed B_VARIANT; ANNOTATION_DIFFERENCE; structured comparison only; no dataset changes.,ANNOTATION_DIFFERENCE
D049,kering-1-_jpg.rf.c5fe9140c063a64de858298b8aaa503c.jpg,train,kering-40-_jpg.rf.e4a3596f3ba5c9acc39387058b03680e.jpg,val,0,0.015081499703228474,YES,B_VARIANT,Human-confirmed B_VARIANT; MATCH; structured comparison only; no dataset changes.,MATCH
D050,berminyak__-57-_JPG.rf.e1d682114266858eee07f92973ec4507.jpg,train,Berminyak-12-_jpeg.rf.85e2e509763694f78f80a760e6010c30.jpg,val,0,0.016269046813249588,YES,B_VARIANT,Human-confirmed B_VARIANT; MATCH; structured comparison only; no dataset changes.,MATCH
D051,kering_-19-_jpg.rf.5b448c276365731cc65fd03d493436bf.jpg,train,kering-25-_jpg.rf.4833d47c4c22c1231c9a96e43fbebcc8.jpg,val,0,0.016632841899991035,YES,B_VARIANT,Human-confirmed B_VARIANT; MATCH; structured comparison only; no dataset changes.,MATCH
D052,oily-192-_jpg.rf.29daec56393f11ed169ca844a096c04e.jpg,train,oily-skin_109_jpeg.rf.5fbacb2e337c30553bddbf7bfd602977.jpg,test,3,0.021268876269459724,YES,B_VARIANT,Human-confirmed B_VARIANT; ANNOTATION_CONFLICT; structured comparison only; no dataset changes.,ANNOTATION_CONFLICT
D053,kering_-45-_jpg.rf.3f12fc2d05b043c7a87ab9977ee70a02.jpg,train,kering_-46-_jpg.rf.2c3ce9c48d6061e7c34fd57ce3a85ccb.jpg,test,1,0.025336841121315956,YES,B_VARIANT,Human-confirmed B_VARIANT; MATCH; structured comparison only; no dataset changes.,MATCH
D054,Image_37_jpg.rf.0d83eb147af2cef1b358d7086952d160.jpg,val,Image_53_png.rf.870501844ada1750de32496f832ff11b.jpg,test,1,0.027593130245804787,YES,B_VARIANT,Human-confirmed B_VARIANT; ANNOTATION_DIFFERENCE; structured comparison only; no dataset changes.,ANNOTATION_DIFFERENCE
D055,kering_-8-_jpg.rf.a894623646444ab7accc809e7c91082f.jpg,train,kering_-9-_jpg.rf.7eb37d78e35521e97b6fbbe5a9e87b0c.jpg,val,2,0.030472347512841225,YES,B_VARIANT,Human-confirmed B_VARIANT; MATCH; structured comparison only; no dataset changes.,MATCH
D056,Kering-7-_JPG.rf.a63ab8f56c9ccdd071a2ee1e6368d8f0.jpg,train,Image_1_jpg.rf.15bf0dc256859541631d09c2f2be7ccf.jpg,test,2,0.031114904209971428,YES,B_VARIANT,Human-confirmed B_VARIANT; MATCH; structured comparison only; no dataset changes.,MATCH
D057,Image_4_jpg.rf.e7bfc3c254cbfcbc4d6fb1472477c13c.jpg,train,Image_45_jpg.rf.2675f98c10d5d1300502d24a45d8e8dd.jpg,test,3,0.031341418623924255,YES,B_VARIANT,Human-confirmed B_VARIANT; ANNOTATION_DIFFERENCE; structured comparison only; no dataset changes.,ANNOTATION_DIFFERENCE
D058,berminyak__-16-_jpg.rf.21aa25cf159b349c6b52e583f175247b.jpg,train,Berminyak-1-_jpg.rf.b95da23888cb27be3e1fdf5402a18aab.jpg,test,2,0.03531176969408989,YES,B_VARIANT,Human-confirmed B_VARIANT; MATCH; structured comparison only; no dataset changes.,MATCH
D059,oily-170-_jpg.rf.d95573dec7af554d503dd6c2ca19d736.jpg,val,Image_86_jpg.rf.6fe97dec00c99ae358e1eb7f69b38488.jpg,test,3,0.03637126088142395,YES,B_VARIANT,Human-confirmed B_VARIANT; ANNOTATION_DIFFERENCE; structured comparison only; no dataset changes.,ANNOTATION_DIFFERENCE
D060,oily-212-_jpg.rf.75ae360db63f2180cb4e7aa57aa93313.jpg,train,Image_86_jpg.rf.6fe97dec00c99ae358e1eb7f69b38488.jpg,test,4,0.03650911897420883,YES,B_VARIANT,Human-confirmed B_VARIANT; ANNOTATION_CONFLICT; structured comparison only; no dataset changes.,ANNOTATION_CONFLICT
D061,Image_1_jpg.rf.0d78afd877d8eb06d217faf27bdb16cd.jpg,train,oily-170-_jpg.rf.d95573dec7af554d503dd6c2ca19d736.jpg,val,3,0.039453551173210144,YES,B_VARIANT,Human-confirmed B_VARIANT; ANNOTATION_DIFFERENCE; structured comparison only; no dataset changes.,ANNOTATION_DIFFERENCE
D062,oily7_jpg.rf.f591a7038c278475a4dd56c41d10fe85.jpg,train,kering__-64-_jpg.rf.32b4387f40e523cf62521f230f8a42e5.jpg,val,1,0.046423763036727905,YES,B_VARIANT,Human-confirmed B_VARIANT; MATCH; structured comparison only; no dataset changes.,MATCH
D063,Image_2_jpg.rf.cdc349fa92d6750ed0d159695c68a9c4.jpg,train,Image_52_jpeg.rf.faa607a40989f227a1353af33ca82a92.jpg,val,1,0.07696487754583359,YES,B_VARIANT,Human-confirmed B_VARIANT; ANNOTATION_DIFFERENCE; structured comparison only; no dataset changes.,ANNOTATION_DIFFERENCE
