filename,reason_duplicate,duplicate_group_id,reason_n1,proposed_action
01F3MMX6SD07BKJYXNPC9DHQTD_jpeg_jpg.rf.1309a63ccc920aaeb5d6b5ee17bbe82c.jpg,False,,True,EXCLUDE_FROM_TRAIN_IN_V2_EXPERIMENT_1
01F3MMYCDR14CJP0GTSEQTMHVN_jpeg_jpg.rf.710746101badfe650168a5bd6bb3acee.jpg,False,,True,EXCLUDE_FROM_TRAIN_IN_V2_EXPERIMENT_1
01F3MMZ02QJ70C2QHKWDNJRWV6_jpeg_jpg.rf.2257140a88674a59abe1a79270a909fe.jpg,False,,True,EXCLUDE_FROM_TRAIN_IN_V2_EXPERIMENT_1
286_jpg.rf.b61a8217b6e2ec0d18e486be8c06a0b4.jpg,False,,True,EXCLUDE_FROM_TRAIN_IN_V2_EXPERIMENT_1
287_jpg.rf.a13eba621fb6833561d238095977dbbb.jpg,False,,True,EXCLUDE_FROM_TRAIN_IN_V2_EXPERIMENT_1
288_jpg.rf.e34f9bd8789d4c119a977eeaa92f97a1.jpg,False,,True,EXCLUDE_FROM_TRAIN_IN_V2_EXPERIMENT_1
34_jpeg_jpg.rf.53256d3375f6ca00467886794f1211fb.jpg,False,,True,EXCLUDE_FROM_TRAIN_IN_V2_EXPERIMENT_1
44_jpg.rf.0af8d69d797ece9fedfe6023476c6422.jpg,False,,True,EXCLUDE_FROM_TRAIN_IN_V2_EXPERIMENT_1
45_jpg.rf.c6717a51f3c49498bd2922e1b283806d.jpg,False,,True,EXCLUDE_FROM_TRAIN_IN_V2_EXPERIMENT_1
9adc08c5984e083261d3a71542295d26_jpg.rf.ced517fbb7f0a969c25de857268b7029.jpg,True,G001,False,EXCLUDE_FROM_TRAIN_IN_V2_EXPERIMENT_1
Berminyak-2-_jpeg.rf.854c758d656eacbcb3d96c002f37cd13.jpg,True,G030,False,EXCLUDE_FROM_TRAIN_IN_V2_EXPERIMENT_1
Berminyak-21-_jpeg.rf.1b249902a9c4c04e7f73740df3493333.jpg,True,G020,False,EXCLUDE_FROM_TRAIN_IN_V2_EXPERIMENT_1
Berminyak-27-_jpeg.rf.8dde490d8f84af9ee11d900f998f5587.jpg,True,G023,False,EXCLUDE_FROM_TRAIN_IN_V2_EXPERIMENT_1
Berminyak-7-_jpeg.rf.62e4fbaca060906f5612bb1a749b485c.jpg,True,G028,False,EXCLUDE_FROM_TRAIN_IN_V2_EXPERIMENT_1
Image_110_jpg.rf.5877b0d0e3bd0b879a5a207f77545516.jpg,True,G022,False,EXCLUDE_FROM_TRAIN_IN_V2_EXPERIMENT_1
Image_122_jpg.rf.1f5df8d077f6a726458e2fa5b44a37b0.jpg,True,G016,False,EXCLUDE_FROM_TRAIN_IN_V2_EXPERIMENT_1
Image_140_jpg.rf.0ee3a9e28374eca0bc4ddfbbff7031cd.jpg,True,G012,False,EXCLUDE_FROM_TRAIN_IN_V2_EXPERIMENT_1
Image_1_jpg.rf.0d78afd877d8eb06d217faf27bdb16cd.jpg,True,G015,False,EXCLUDE_FROM_TRAIN_IN_V2_EXPERIMENT_1
Image_1_jpg.rf.e5dc87305847861b3e53e0881c39953c.jpg,True,G024,False,EXCLUDE_FROM_TRAIN_IN_V2_EXPERIMENT_1
Image_2_jpg.rf.cdc349fa92d6750ed0d159695c68a9c4.jpg,True,G043,False,EXCLUDE_FROM_TRAIN_IN_V2_EXPERIMENT_1
Image_34_jpg.rf.3fb6264a2e392de88bdbbd9f07010912.jpg,True,G003,False,EXCLUDE_FROM_TRAIN_IN_V2_EXPERIMENT_1
Image_34_jpg.rf.f6a66c7dd85109c86a419b1bb48e0d53.jpg,True,G006,False,EXCLUDE_FROM_TRAIN_IN_V2_EXPERIMENT_1
Image_35_jpg.rf.f58b80d3b622a6197b30b354de683eed.jpg,True,G024,False,EXCLUDE_FROM_TRAIN_IN_V2_EXPERIMENT_1
Image_49-1-_jpg.rf.c78485c5fbc5318f2a77869f5f15d9fe.jpg,True,G031,False,EXCLUDE_FROM_TRAIN_IN_V2_EXPERIMENT_1
Image_4_jpg.rf.e7bfc3c254cbfcbc4d6fb1472477c13c.jpg,True,G040,False,EXCLUDE_FROM_TRAIN_IN_V2_EXPERIMENT_1
Image_99_jpg.rf.4dd9c7084989fc627c33b091dd87bdf8.jpg,True,G004,False,EXCLUDE_FROM_TRAIN_IN_V2_EXPERIMENT_1
Kering-10-_JPG.rf.bb2b3def801fd80c17ff198efade218f.jpg,True,G001,False,EXCLUDE_FROM_TRAIN_IN_V2_EXPERIMENT_1
Kering-11-_JPG.rf.1c99d18caba0ce0d71fee121a1aad278.jpg,True,G002,False,EXCLUDE_FROM_TRAIN_IN_V2_EXPERIMENT_1
Kering-16-_JPG.rf.9d2d6bd76492b85b47256c8940fce38a.jpg,True,G010,False,EXCLUDE_FROM_TRAIN_IN_V2_EXPERIMENT_1
Kering-3-_jpeg.rf.d177cddfc74e3c0a27e1baa4b26c053c.jpg,True,G014,False,EXCLUDE_FROM_TRAIN_IN_V2_EXPERIMENT_1
Kering-5-_jpeg.rf.3639b946e23febbe7fb8c867f22f629c.jpg,True,G021,False,EXCLUDE_FROM_TRAIN_IN_V2_EXPERIMENT_1
Kering-7-_JPG.rf.a63ab8f56c9ccdd071a2ee1e6368d8f0.jpg,True,G014,False,EXCLUDE_FROM_TRAIN_IN_V2_EXPERIMENT_1
Kering-7-_jpeg.rf.d49f13078b59eda2ca7fbe805784132d.jpg,True,G013,False,EXCLUDE_FROM_TRAIN_IN_V2_EXPERIMENT_1
a3_jpg.rf.1388e0540279c45c7117ceed88dbe3c8.jpg,False,,True,EXCLUDE_FROM_TRAIN_IN_V2_EXPERIMENT_1
a7_jpg.rf.8147c62ecedff2a47d2c7c36d6faa72d.jpg,False,,True,EXCLUDE_FROM_TRAIN_IN_V2_EXPERIMENT_1
acne-10-_jpeg.rf.0e312c4a85171e98572b6bde12402b71.jpg,True,G007,False,EXCLUDE_FROM_TRAIN_IN_V2_EXPERIMENT_1
acne-129-_jpg.rf.3159486324be0a28e6df9041cd404e55.jpg,True,G018,False,EXCLUDE_FROM_TRAIN_IN_V2_EXPERIMENT_1
berminyak__-16-_jpg.rf.21aa25cf159b349c6b52e583f175247b.jpg,True,G041,False,EXCLUDE_FROM_TRAIN_IN_V2_EXPERIMENT_1
berminyak__-57-_JPG.rf.e1d682114266858eee07f92973ec4507.jpg,True,G034,False,EXCLUDE_FROM_TRAIN_IN_V2_EXPERIMENT_1
dry-162-_jpg.rf.1805c5ee36108603571f2122827cac93.jpg,False,,True,EXCLUDE_FROM_TRAIN_IN_V2_EXPERIMENT_1
dry-166-_jpg.rf.fcaf7cc4e484177d39f4857d18ec30ff.jpg,True,G009,False,EXCLUDE_FROM_TRAIN_IN_V2_EXPERIMENT_1
dry-236-_jpg.rf.852c3928a5e128ed9f1c3282415b0514.jpg,True,G009,False,EXCLUDE_FROM_TRAIN_IN_V2_EXPERIMENT_1
dry16_jpg.rf.7b7025391d65d0421523057840945ff6.jpg,True,G010,False,EXCLUDE_FROM_TRAIN_IN_V2_EXPERIMENT_1
dry18_jpg.rf.a5e4ad1b491a60ad22bdcc3d13758e30.jpg,True,G009,False,EXCLUDE_FROM_TRAIN_IN_V2_EXPERIMENT_1
istockphoto-638452020-612x612_jpg.rf.6b430ec0ec3611ab427a01cba0605013.jpg,True,G026,False,EXCLUDE_FROM_TRAIN_IN_V2_EXPERIMENT_1
kering-1-_jpg.rf.c5fe9140c063a64de858298b8aaa503c.jpg,True,G009,False,EXCLUDE_FROM_TRAIN_IN_V2_EXPERIMENT_1
kering-14-_jpg.rf.a0b76cfa799cb0ab5cdb699421374dfa.jpg,True,G014,False,EXCLUDE_FROM_TRAIN_IN_V2_EXPERIMENT_1
kering-2-_jpg.rf.59c9cfb49785140b3c53580ce4b89e63.jpg,True,G029,False,EXCLUDE_FROM_TRAIN_IN_V2_EXPERIMENT_1
kering-43-_jpg.rf.05e0a5e0e20a1177819d3c1be00345ea.jpg,True,G033,False,EXCLUDE_FROM_TRAIN_IN_V2_EXPERIMENT_1
kering_-19-_jpg.rf.5b448c276365731cc65fd03d493436bf.jpg,True,G035,False,EXCLUDE_FROM_TRAIN_IN_V2_EXPERIMENT_1
kering_-45-_jpg.rf.3f12fc2d05b043c7a87ab9977ee70a02.jpg,True,G037,False,EXCLUDE_FROM_TRAIN_IN_V2_EXPERIMENT_1
kering_-8-_jpg.rf.a894623646444ab7accc809e7c91082f.jpg,True,G039,False,EXCLUDE_FROM_TRAIN_IN_V2_EXPERIMENT_1
kering__-19-_JPG.rf.49ac03a6547c0e92f3c8207116e3b9d0.jpg,True,G009,False,EXCLUDE_FROM_TRAIN_IN_V2_EXPERIMENT_1
kering__-54-_jpg.rf.39abf25f8fa50400c836185907be55fd.jpg,True,G029,False,EXCLUDE_FROM_TRAIN_IN_V2_EXPERIMENT_1
levle0_124_png.rf.ca3ad935fa64f7f48a43ede8c71227eb.jpg,False,,True,EXCLUDE_FROM_TRAIN_IN_V2_EXPERIMENT_1
levle0_143_png.rf.cb97b330093dd0aa886a0606e4fb46d2.jpg,False,,True,EXCLUDE_FROM_TRAIN_IN_V2_EXPERIMENT_1
levle0_166_png.rf.bfdb390c9162a38ab66e668a26a4c5dd.jpg,False,,True,EXCLUDE_FROM_TRAIN_IN_V2_EXPERIMENT_1
levle0_252_png.rf.3a1460487c14a04d0d8dd33fc5fa7117.jpg,False,,True,EXCLUDE_FROM_TRAIN_IN_V2_EXPERIMENT_1
levle0_255_png.rf.96514eacca25eef7d76dbf2ccd082706.jpg,False,,True,EXCLUDE_FROM_TRAIN_IN_V2_EXPERIMENT_1
levle0_274_png.rf.73b4b808f7e289022100b6233a4d3773.jpg,False,,True,EXCLUDE_FROM_TRAIN_IN_V2_EXPERIMENT_1
levle0_296_jpg.rf.8134987aa6a6d8343206078253842301.jpg,False,,True,EXCLUDE_FROM_TRAIN_IN_V2_EXPERIMENT_1
levle0_304_jpg.rf.fcb43e080273f656bbfcd1ec0c3a4a7d.jpg,False,,True,EXCLUDE_FROM_TRAIN_IN_V2_EXPERIMENT_1
levle0_353_png.rf.8d2068d017fc957673f4650f216eb15a.jpg,False,,True,EXCLUDE_FROM_TRAIN_IN_V2_EXPERIMENT_1
levle0_385_png.rf.39ecfd2d528956dee4d15308561c8d7b.jpg,False,,True,EXCLUDE_FROM_TRAIN_IN_V2_EXPERIMENT_1
levle0_513_png.rf.c8981f2f9256acb9d58af4c781739dcf.jpg,False,,True,EXCLUDE_FROM_TRAIN_IN_V2_EXPERIMENT_1
levle0_78_png.rf.f90ccf9c04e13457ebf4694d44ca3a5e.jpg,False,,True,EXCLUDE_FROM_TRAIN_IN_V2_EXPERIMENT_1
levle0_97_jpg.rf.b54b7a23a05976cf7ce91f99a827b9aa.jpg,False,,True,EXCLUDE_FROM_TRAIN_IN_V2_EXPERIMENT_1
levle0_9_jpg.rf.53029e4b7dc27f5578bbfed6e0d8beb9.jpg,False,,True,EXCLUDE_FROM_TRAIN_IN_V2_EXPERIMENT_1
levle1_108_png.rf.a86528cf71fc7525d5a211dee01afd5d.jpg,False,,True,EXCLUDE_FROM_TRAIN_IN_V2_EXPERIMENT_1
levle1_151_jpg.rf.cb3ffb7e090af319696a983d5cd9348e.jpg,False,,True,EXCLUDE_FROM_TRAIN_IN_V2_EXPERIMENT_1
levle1_164_jpg.rf.c0e67b7628cb217a36c9f6ee2c9e809c.jpg,False,,True,EXCLUDE_FROM_TRAIN_IN_V2_EXPERIMENT_1
levle1_199_jpg.rf.99c94de947ff7c3fc0a0dd78d09c2224.jpg,False,,True,EXCLUDE_FROM_TRAIN_IN_V2_EXPERIMENT_1
levle1_229_png.rf.5980b9e1bc834ce895404e137fce60f2.jpg,False,,True,EXCLUDE_FROM_TRAIN_IN_V2_EXPERIMENT_1
levle1_250_png.rf.c8d43a32c7c73f44955afdabcf70e630.jpg,False,,True,EXCLUDE_FROM_TRAIN_IN_V2_EXPERIMENT_1
levle1_279_png.rf.c80c812276718789ad9a3e599fa7ef27.jpg,False,,True,EXCLUDE_FROM_TRAIN_IN_V2_EXPERIMENT_1
levle1_381_png.rf.925a710d3317c3fd67e0d8895c54896d.jpg,False,,True,EXCLUDE_FROM_TRAIN_IN_V2_EXPERIMENT_1
levle1_414_jpg.rf.3632bf3368c7e2956064bbd75f38cc9c.jpg,False,,True,EXCLUDE_FROM_TRAIN_IN_V2_EXPERIMENT_1
levle1_433_png.rf.82e5936052b52f32ad8fe0cbb0b0c9d5.jpg,False,,True,EXCLUDE_FROM_TRAIN_IN_V2_EXPERIMENT_1
levle1_46_png.rf.6e9aaaf4b4f9d7d9f5ac9913031217d9.jpg,False,,True,EXCLUDE_FROM_TRAIN_IN_V2_EXPERIMENT_1
levle1_512_jpg.rf.feefb01d34326ff60b13f17bd517aeed.jpg,False,,True,EXCLUDE_FROM_TRAIN_IN_V2_EXPERIMENT_1
levle1_544_png.rf.8c69ec3aa3e7d2775471a522695c197d.jpg,False,,True,EXCLUDE_FROM_TRAIN_IN_V2_EXPERIMENT_1
levle1_564_png.rf.dbcb9822d1e30a012d3163d2edf8b895.jpg,False,,True,EXCLUDE_FROM_TRAIN_IN_V2_EXPERIMENT_1
levle1_593_png.rf.f9937dae39e24c1a11fa4c3de3bf1bdf.jpg,False,,True,EXCLUDE_FROM_TRAIN_IN_V2_EXPERIMENT_1
levle1_604_png.rf.a9243162d21532cd27e0835237e5b104.jpg,False,,True,EXCLUDE_FROM_TRAIN_IN_V2_EXPERIMENT_1
levle2_161_jpg.rf.889902c67c0192f0059aa705d5c0f1af.jpg,False,,True,EXCLUDE_FROM_TRAIN_IN_V2_EXPERIMENT_1
levle2_46_png.rf.f756b26338b49a4d35415071c4ad20f2.jpg,False,,True,EXCLUDE_FROM_TRAIN_IN_V2_EXPERIMENT_1
levle2_56_png.rf.d919231ac2e940b999585f9ed55d07f9.jpg,False,,True,EXCLUDE_FROM_TRAIN_IN_V2_EXPERIMENT_1
levle2_85_png.rf.dd0f45ce29b4a2d6aec43002151e3e0e.jpg,False,,True,EXCLUDE_FROM_TRAIN_IN_V2_EXPERIMENT_1
normal-140-_jpg.rf.a8cc93010856132ca065e267404bf5b2.jpg,True,G014,False,EXCLUDE_FROM_TRAIN_IN_V2_EXPERIMENT_1
oily-102-_jpg.rf.0e6fca723abc99e3c7ffd3fb6b50de2c.jpg,True,G027,False,EXCLUDE_FROM_TRAIN_IN_V2_EXPERIMENT_1
oily-156-_jpg.rf.49ec189284dbf697bef3f0f0647e96d6.jpg,True,G008,False,EXCLUDE_FROM_TRAIN_IN_V2_EXPERIMENT_1
oily-192-_jpg.rf.29daec56393f11ed169ca844a096c04e.jpg,True,G036,False,EXCLUDE_FROM_TRAIN_IN_V2_EXPERIMENT_1
oily-212-_jpg.rf.75ae360db63f2180cb4e7aa57aa93313.jpg,True,G015,False,EXCLUDE_FROM_TRAIN_IN_V2_EXPERIMENT_1
oily-251-_jpg.rf.e88387255b092b31336aff809c82b622.jpg,True,G008,False,EXCLUDE_FROM_TRAIN_IN_V2_EXPERIMENT_1
oily-263-_jpg.rf.af32fc7f740975fbd99dcbb57ccbe761.jpg,True,G019,False,EXCLUDE_FROM_TRAIN_IN_V2_EXPERIMENT_1
oily-80-_jpg.rf.49cbf9cb2d87fa1a204e55ba9414cae2.jpg,True,G017,False,EXCLUDE_FROM_TRAIN_IN_V2_EXPERIMENT_1
oily-skin_110_jpeg.rf.7d628eb44fc612c4d3a5742fc6c0f420.jpg,True,G025,False,EXCLUDE_FROM_TRAIN_IN_V2_EXPERIMENT_1
oily7_jpg.rf.f591a7038c278475a4dd56c41d10fe85.jpg,True,G042,False,EXCLUDE_FROM_TRAIN_IN_V2_EXPERIMENT_1
