image,split,annotation_id,width_px,height_px,normalized_area,aspect_ratio,reason_flagged,human_decision,notes
681_jpg.rf.b7eda6cef7ec6c876de0c8672790d742.jpg,test,1364,24.0,13.0,0.00076171875,1.8461538461538463,NEAREST_BOUNDARY_10,PENDING,
15_jpeg.rf.fd49c11d295d262bf2824914dfaa0a71.jpg,train,8493,177.757,24.584,0.01066889181640625,7.2305971363488455,NEAREST_BOUNDARY_10,PENDING,
162_jpg.rf.ba03e5895223e074c0c120755175a59d.jpg,train,518,508.442,71.845,0.08918216672363281,7.076929501009117,WIDEST_10,PENDING,
180_jpg.rf.e6b86ce9216ef67fe243039b6676d2da.jpg,train,7222,394.375,70.231,0.06762048492431641,5.615397758824451,WIDEST_10;NEAREST_BOUNDARY_10,PENDING,
180_jpg.rf.e6b86ce9216ef67fe243039b6676d2da.jpg,train,7223,629.845,83.262,0.12803260349121096,7.564615310705965,WIDEST_10,PENDING,
180_jpg.rf.e6b86ce9216ef67fe243039b6676d2da.jpg,train,7224,90.087,125.231,0.027543176506347654,0.719366610503789,NEAREST_BOUNDARY_10,PENDING,
180_jpg.rf.e6b86ce9216ef67fe243039b6676d2da.jpg,train,7225,364.741,54.83100000000002,0.04882596135498048,6.652094618008059,WIDEST_10,PENDING,
185_jpg.rf.4673ad2d14eb930dad356ddf92dd7e31.jpg,train,12275,100.67099999999999,163.984,0.040303792148437496,0.6139074543857936,NEAREST_BOUNDARY_10,PENDING,
198_jpg.rf.24573fb6268f09a9b70f8018a4e871ab.jpg,train,6025,374.871,61.985,0.056729440759277334,6.047769621682665,WIDEST_10;NEAREST_BOUNDARY_10,PENDING,
198_jpg.rf.24573fb6268f09a9b70f8018a4e871ab.jpg,train,6026,356.013,111.04000000000002,0.09651289921875002,3.2061689481268005,WIDEST_10,PENDING,
242_jpg.rf.33d33424a50a3bce6bc061e2dd4092c7.jpg,train,11237,44.125,55.266,0.005953643188476563,0.7984113197987913,NEAREST_BOUNDARY_10,PENDING,
242_jpg.rf.33d33424a50a3bce6bc061e2dd4092c7.jpg,train,11239,39.05000000000001,45.669,0.004353941528320314,0.8550657995576871,NEAREST_BOUNDARY_10,PENDING,
246_jpg.rf.2020d2a27a304f47a5c5cd8b9a81c6fe.jpg,train,5781,4.562000000000012,0.6910000000000025,7.696147460937548e-06,6.602026049204046,SMALLEST_20,PENDING,
266_jpeg.rf.941a7215de8f57190aca0c0e07d3a82a.jpg,train,9660,417.51800000000003,49.155,0.050105217993164065,8.493907028786492,WIDEST_10,PENDING,
266_jpeg.rf.941a7215de8f57190aca0c0e07d3a82a.jpg,train,9661,384.32400000000007,36.43700000000001,0.03418850973632814,10.547630156159945,WIDEST_10,PENDING,
267_jpeg.rf.d79767091eb963362df139ecf5e9499e.jpg,train,1677,5.472000000000008,0.8580000000000041,1.1462343750000073e-05,6.377622377622357,SMALLEST_20,PENDING,
267_jpeg.rf.d79767091eb963362df139ecf5e9499e.jpg,train,1685,20.512,0.3779999999999859,1.8929531249999295e-05,54.26455026455229,THINNEST_20,PENDING,
273_jpg.rf.525ffba59c2b6dd07139a87ba80bfd0b.jpg,train,12683,34.65499999999997,0.818000000000012,6.920847167968846e-05,42.36552567237098,THINNEST_20,PENDING,
273_jpg.rf.525ffba59c2b6dd07139a87ba80bfd0b.jpg,train,12685,31.87299999999999,0.3269999999999982,2.54454858398436e-05,97.47094801223292,THINNEST_20,PENDING,
273_jpg.rf.525ffba59c2b6dd07139a87ba80bfd0b.jpg,train,12689,19.576999999999998,0.12700000000000955,6.0700170898442055e-06,154.149606299201,SMALLEST_20;THINNEST_20,PENDING,
273_jpg.rf.525ffba59c2b6dd07139a87ba80bfd0b.jpg,train,12690,5.983000000000004,0.4119999999999777,6.018056640624679e-06,14.52184466019497,SMALLEST_20,PENDING,
2_jpg.rf.15dfeb912adaed6e5d5e89b31f677598.jpg,train,5405,98.892,53.953,0.013026172060546874,1.8329286601301131,NEAREST_BOUNDARY_10,PENDING,
302_jpg.rf.8c3ee47da660561943a473209e7d73d3.jpg,train,9245,349.558,34.155,0.029148323950195315,10.234460547504025,WIDEST_10,PENDING,
302_jpg.rf.8c3ee47da660561943a473209e7d73d3.jpg,train,9249,93.267,1.7369999999999948,0.00039551947998046753,53.694300518134874,THINNEST_20,PENDING,
302_jpg.rf.8c3ee47da660561943a473209e7d73d3.jpg,train,9256,32.386000000000024,0.28899999999998727,2.285047363281151e-05,112.06228373702925,THINNEST_20,PENDING,
303_jpg.rf.8636a655d73a8ab646d3f6431e714730.jpg,train,8903,37.71800000000002,0.5269999999999868,4.8528774414061307e-05,71.57115749525799,THINNEST_20,PENDING,
307_jpg.rf.44b9c9bc793285cf2202295acf5cc80d.jpg,train,12097,44.89699999999999,0.8129999999999882,8.911440673827993e-05,55.22386223862318,THINNEST_20,PENDING,
307_jpg.rf.44b9c9bc793285cf2202295acf5cc80d.jpg,train,12104,0.48799999999999955,17.567000000000007,2.0929433593749988e-05,0.0277793590254454,THINNEST_20,PENDING,
331_jpg.rf.8d64cd23228a43a99a2f7f0ebb71f176.jpg,train,9293,56.07900000000001,0.7620000000000005,0.00010432665527343758,73.59448818897634,THINNEST_20,PENDING,
356_jpg.rf.4c4e2331a83ea7538db9dc0504d6d633.jpg,train,12461,352.59799999999996,92.862,0.07993885614257812,3.7970106179061403,WIDEST_10,PENDING,
363_jpg.rf.2005161743f65b157fa720f74fd8e6a2.jpg,train,5775,46.136000000000024,0.5129999999999981,5.778263671874982e-05,89.93372319688147,THINNEST_20,PENDING,
364_jpg.rf.bf11ee7589dba0c6931f670a2da79c47.jpg,train,747,57.02000000000001,1.5280000000000005,0.0002127113281250001,37.316753926701566,THINNEST_20,PENDING,
36_jpeg.rf.0ab01482b4f6b86e6343eb0fd3e87794.jpg,train,4772,1.6980000000000075,2.834000000000003,1.1748369140625065e-05,0.5991531404375461,SMALLEST_20,PENDING,
4_jpeg.rf.c53dc6405f30a6111d70603cfaaf89b4.jpg,train,990,29.897999999999996,0.31100000000000705,2.2700874023438012e-05,96.13504823150906,THINNEST_20,PENDING,
50_jpg.rf.71d5af705dac7506c8c213bc5fd51574.jpg,train,3184,5.8629999999999995,0.5600000000000023,8.015820312500031e-06,10.469642857142814,SMALLEST_20,PENDING,
50_jpg.rf.71d5af705dac7506c8c213bc5fd51574.jpg,train,3192,4.6510000000000105,0.796999999999997,9.049919433593736e-06,5.835633626097902,SMALLEST_20,PENDING,
50_jpg.rf.71d5af705dac7506c8c213bc5fd51574.jpg,train,3193,4.478999999999985,0.7680000000000007,8.398124999999978e-06,5.832031249999975,SMALLEST_20,PENDING,
52_jpg.rf.2754f22c6458c41b3895aeaf131549cb.jpg,train,6119,5.803999999999974,0.8439999999999941,1.1959414062499862e-05,6.876777251184851,SMALLEST_20,PENDING,
53_jpg.rf.bd590b2ccbbc9043cc83ccf2653ade0a.jpg,train,664,10.713999999999999,0.3410000000000082,8.919614257812713e-06,31.41935483870892,SMALLEST_20,PENDING,
566_jpg.rf.3e5a79d3cf0cf758b5eae448dd1be3b4.jpg,train,11756,59.0,78.0,0.0112353515625,0.7564102564102564,NEAREST_BOUNDARY_10,PENDING,
62_jpg.rf.44da9c24e708164cebf705f210b5425f.jpg,train,12122,0.507000000000005,22.301000000000002,2.7604020996094026e-05,0.02273440652885543,THINNEST_20,PENDING,
66_jpg.rf.85ef0d1c8d73a65df68260cb723a2f2c.jpg,train,8852,5.180999999999983,0.7400000000000091,9.360205078125085e-06,7.001351351351243,SMALLEST_20,PENDING,
69_jpg.rf.b2c3f06a6a4907dd2598659409d67a8b.jpg,train,186,40.63799999999998,0.3760000000000048,3.7304414062500454e-05,108.07978723404112,THINNEST_20,PENDING,
89_jpg.rf.492679605078fe6d984a4de2d6d1d1fc.jpg,train,12329,13.411999999999978,0.3089999999999975,1.0117939453124902e-05,43.404530744336846,SMALLEST_20;THINNEST_20,PENDING,
93_jpg.rf.5e02edb1912b99b0b71be88e6b68faad.jpg,train,1885,3.1680000000000064,0.4449999999999932,3.4417968749999543e-06,7.119101123595629,SMALLEST_20,PENDING,
93_jpg.rf.5e02edb1912b99b0b71be88e6b68faad.jpg,train,1886,7.011000000000024,0.39299999999997226,6.726862792968298e-06,17.83969465648987,SMALLEST_20,PENDING,
93_jpg.rf.5e02edb1912b99b0b71be88e6b68faad.jpg,train,1888,1.4139999999999873,0.9169999999999732,3.165620117187379e-06,1.5419847328244587,SMALLEST_20,PENDING,
93_jpg.rf.5e02edb1912b99b0b71be88e6b68faad.jpg,train,1889,1.6469999999999914,1.7930000000000064,7.209645996093738e-06,0.9185722253206835,SMALLEST_20,PENDING,
93_jpg.rf.5e02edb1912b99b0b71be88e6b68faad.jpg,train,1890,2.1549999999999727,0.7300000000000182,3.840698242187547e-06,2.952054794520437,SMALLEST_20,PENDING,
94_jpg.rf.fc7b30de8e3e9f6ad8d9aa3332b8bff3.jpg,train,8401,28.918000000000006,0.7680000000000007,5.422125000000006e-05,37.65364583333331,THINNEST_20,PENDING,
94_jpg.rf.fc7b30de8e3e9f6ad8d9aa3332b8bff3.jpg,train,8405,22.918000000000006,0.5420000000000016,3.0326064453125096e-05,42.2841328413283,THINNEST_20,PENDING,
95_jpg.rf.ad67301a031e1ef07cb4fb65047f2a0f.jpg,train,10963,13.206999999999994,0.18600000000000705,5.9973193359377244e-06,71.0053763440833,SMALLEST_20;THINNEST_20,PENDING,
95_jpg.rf.ad67301a031e1ef07cb4fb65047f2a0f.jpg,train,10964,12.25200000000001,0.3710000000000093,1.1097392578125287e-05,33.02425876010701,SMALLEST_20,PENDING,
9_jpeg.rf.45c868afbddabf7c70a2be219f52c54c.jpg,train,12199,15.572999999999979,0.2400000000000091,9.124804687500333e-06,64.88749999999746,SMALLEST_20;THINNEST_20,PENDING,
